mode,coupling_model,case,v_ms,lambda_uev,delta_P_v,delta_chi_phi,S_M2,S_M1V,P_v_M2,P_v_M1V,chi_M2,chi_M1
full_lite,A,case_i_center,2.0,0.0,-7.006657e-18,-2.033096e-15,7.239744e-15,0.000000e+00,1.049770e-04,1.049770e-04,3.774369e-02,3.774369e-02
full_lite,A,case_i_center,2.0,0.25,-4.907182e-04,3.401027e-03,6.713102e-02,6.837528e-02,1.153814e-02,1.202886e-02,8.495774e-02,8.155671e-02
full_lite,A,case_i_center,2.0,0.5,1.840436e-03,1.795680e-03,1.738219e-01,1.616556e-01,3.529280e-02,3.345237e-02,5.725824e-02,5.546256e-02
full_lite,A,case_i_center,2.0,1.0,4.872819e-04,3.902075e-03,1.581151e-01,1.581471e-01,2.891191e-02,2.842462e-02,3.471384e-02,3.081176e-02
full_lite,A,case_i_center,5.0,0.0,-1.287490e-18,-2.789435e-15,1.278167e-14,2.082227e-15,6.949683e-05,6.949683e-05,9.655997e-02,9.655997e-02
full_lite,A,case_i_center,5.0,0.25,-6.043241e-05,3.464483e-05,1.837312e-02,1.914546e-02,1.995805e-03,2.056238e-03,4.504147e-03,4.469502e-03
full_lite,A,case_i_center,5.0,0.5,-4.475914e-04,3.241890e-03,5.722352e-02,6.218918e-02,7.399726e-03,7.847318e-03,5.710377e-02,5.386188e-02
full_lite,A,case_i_center,5.0,1.0,-2.492188e-03,4.450665e-02,1.655374e-01,1.850247e-01,2.623039e-02,2.872258e-02,1.220707e-01,7.756407e-02
full_lite,A,case_i_center,10.0,0.0,0.000000e+00,-4.475587e-16,6.663127e-15,5.125482e-15,3.299178e-05,3.299178e-05,1.426704e-02,1.426704e-02
full_lite,A,case_i_center,10.0,0.25,-2.451386e-04,-1.021645e-03,3.568320e-02,3.670172e-02,8.764409e-03,9.009547e-03,1.878364e-02,1.980529e-02
full_lite,A,case_i_center,10.0,0.5,-6.586372e-03,-2.576249e-03,8.148867e-02,1.102161e-01,2.928469e-02,3.587107e-02,1.346364e-02,1.603989e-02
full_lite,A,case_i_center,10.0,1.0,-2.172559e-02,-5.888391e-03,1.968284e-01,2.564876e-01,1.094871e-01,1.312127e-01,8.636126e-03,1.452452e-02
full_lite,A,case_i_center,20.0,0.0,-4.336809e-18,2.222614e-16,2.851050e-15,0.000000e+00,4.542335e-04,4.542335e-04,1.751745e-03,1.751745e-03
full_lite,A,case_i_center,20.0,0.25,-3.645230e-05,1.207989e-05,6.969792e-02,6.942362e-02,1.069923e-02,1.073568e-02,1.898655e-03,1.886575e-03
full_lite,A,case_i_center,20.0,0.5,-2.930420e-06,-1.337546e-06,2.052225e-01,2.044593e-01,4.048832e-02,4.049125e-02,4.362925e-04,4.376300e-04
full_lite,A,case_i_center,20.0,1.0,-2.082570e-04,-1.049604e-04,4.999819e-01,4.992650e-01,1.485214e-01,1.487297e-01,1.690228e-03,1.795188e-03
full_lite,A,case_ii_edge,2.0,0.0,-4.065758e-19,-1.171285e-14,2.790184e-14,7.111607e-14,1.049770e-04,1.049770e-04,2.740019e-01,2.740019e-01
full_lite,A,case_ii_edge,2.0,0.25,-1.143774e-02,-1.116236e+00,1.631380e-01,1.000365e-01,8.220880e-01,8.335258e-01,7.915370e-02,1.195390e+00
full_lite,A,case_ii_edge,2.0,0.5,-5.006288e-03,1.648505e-01,4.248687e-01,4.347924e-01,1.085712e-01,1.135775e-01,1.665401e+00,1.500550e+00
full_lite,A,case_ii_edge,2.0,1.0,-3.061431e-04,-3.289746e-01,1.671654e-02,1.750037e-02,1.697631e-03,2.003774e-03,1.328069e+00,1.657043e+00
full_lite,A,case_ii_edge,5.0,0.0,1.341700e-18,-1.987299e-14,1.290981e-14,3.091307e-14,6.949683e-05,6.949683e-05,7.646196e-01,7.646196e-01
full_lite,A,case_ii_edge,5.0,0.25,1.750386e-02,-1.252871e-01,7.514351e-01,7.135762e-01,3.957818e-01,3.782780e-01,9.637681e-02,2.216639e-01
full_lite,A,case_ii_edge,5.0,0.5,8.922805e-03,-6.024871e-01,3.046025e-01,3.180946e-01,7.477040e-01,7.387812e-01,6.699857e-01,1.272473e+00
full_lite,A,case_ii_edge,5.0,1.0,9.382687e-04,-2.304336e-01,4.016407e-01,3.953311e-01,9.729798e-02,9.635971e-02,1.069527e-01,3.373863e-01
full_lite,A,case_ii_edge,10.0,0.0,-4.336809e-19,2.067790e-15,1.121199e-15,5.445825e-15,3.299178e-05,3.299178e-05,6.912574e-02,6.912574e-02
full_lite,A,case_ii_edge,10.0,0.25,5.772591e-04,2.401460e-02,4.758224e-01,4.674603e-01,1.359103e-01,1.353330e-01,7.252110e-02,4.850649e-02
full_lite,A,case_ii_edge,10.0,0.5,-3.973970e-03,-3.670705e-02,6.827374e-01,6.970837e-01,4.149636e-01,4.189376e-01,7.054932e-02,1.072564e-01
full_lite,A,case_ii_edge,10.0,1.0,-1.415058e-03,-1.357948e-02,5.468317e-01,5.505728e-01,5.583742e-01,5.597893e-01,2.919213e-02,4.277161e-02
full_lite,A,case_ii_edge,20.0,0.0,4.878910e-19,2.237793e-16,0.000000e+00,9.289937e-15,4.542335e-04,4.542335e-04,1.075628e-02,1.075628e-02
full_lite,A,case_ii_edge,20.0,0.25,-7.533106e-04,4.982517e-04,1.672837e-01,1.733282e-01,3.900087e-02,3.975418e-02,1.269438e-02,1.219613e-02
full_lite,A,case_ii_edge,20.0,0.5,4.033597e-03,1.534364e-04,4.250020e-01,4.104990e-01,1.495731e-01,1.455395e-01,1.287331e-02,1.271988e-02
full_lite,A,case_ii_edge,20.0,1.0,-2.018624e-03,-3.790438e-03,5.069914e-01,5.088113e-01,3.853236e-01,3.873423e-01,1.659632e-02,2.038676e-02
full_lite,A_pocket,case_i_center,2.0,0.0,-1.344411e-17,0.000000e+00,3.872943e-14,0.000000e+00,1.049770e-04,1.049770e-04,2.202379e-02,2.202379e-02
full_lite,A_pocket,case_i_center,2.0,0.25,1.655534e-04,1.334428e-03,6.307316e-02,6.127408e-02,1.094170e-02,1.077614e-02,1.112970e-01,1.099625e-01
full_lite,A_pocket,case_i_center,2.0,0.5,-4.087278e-04,3.036936e-04,1.411952e-01,1.440477e-01,2.997222e-02,3.038095e-02,2.011468e-02,1.981099e-02
full_lite,A_pocket,case_i_center,2.0,1.0,1.255827e-04,-3.895728e-04,1.505700e-01,1.473545e-01,3.114163e-02,3.101605e-02,5.662855e-03,6.052427e-03
full_lite,A_pocket,case_i_center,5.0,0.0,-2.344587e-18,2.255141e-16,1.355049e-14,2.082227e-15,6.949683e-05,6.949683e-05,1.828042e-02,1.828042e-02
full_lite,A_pocket,case_i_center,5.0,0.25,-8.525025e-05,4.804582e-04,1.561213e-02,1.671981e-02,1.647347e-03,1.732598e-03,2.471315e-02,2.423270e-02
full_lite,A_pocket,case_i_center,5.0,0.5,5.782687e-05,1.827861e-03,5.562485e-02,5.416316e-02,6.688305e-03,6.630478e-03,1.394773e-02,1.211987e-02
full_lite,A_pocket,case_i_center,5.0,1.0,-1.634715e-04,3.029938e-02,1.635300e-01,1.638811e-01,2.541176e-02,2.557523e-02,8.966322e-02,5.936385e-02
full_lite,A_pocket,case_i_center,10.0,0.0,8.605855e-19,1.337472e-15,3.331564e-15,5.125482e-15,3.299178e-05,3.299178e-05,8.191510e-03,8.191510e-03
full_lite,A_pocket,case_i_center,10.0,0.25,2.504739e-03,-1.034566e-03,5.242757e-02,3.575061e-02,1.148932e-02,8.984586e-03,1.755769e-02,1.859226e-02
full_lite,A_pocket,case_i_center,10.0,0.5,7.479391e-04,-4.201795e-03,1.110751e-01,1.056345e-01,3.625720e-02,3.550926e-02,2.680909e-02,3.101089e-02
full_lite,A_pocket,case_i_center,10.0,1.0,4.525965e-03,-1.357722e-03,2.511004e-01,2.378958e-01,1.326407e-01,1.281148e-01,1.071552e-03,2.429273e-03
full_lite,A_pocket,case_i_center,20.0,0.0,-8.836248e-18,0.000000e+00,6.502956e-15,0.000000e+00,4.542335e-04,4.542335e-04,8.103601e-04,8.103601e-04
full_lite,A_pocket,case_i_center,20.0,0.25,-2.980211e-05,2.026812e-05,6.742346e-02,6.738461e-02,9.992558e-03,1.002236e-02,2.434145e-03,2.413877e-03
full_lite,A_pocket,case_i_center,20.0,0.5,-6.429390e-05,-3.933218e-05,2.009150e-01,2.002385e-01,3.770228e-02,3.776658e-02,3.523091e-03,3.562423e-03
full_lite,A_pocket,case_i_center,20.0,1.0,-1.705254e-04,-2.747051e-04,5.021317e-01,5.021881e-01,1.393029e-01,1.394734e-01,1.809270e-03,2.083975e-03
full_lite,A_pocket,case_ii_edge,2.0,0.0,-2.331035e-18,2.853273e-14,1.383880e-14,7.111607e-14,1.049770e-04,1.049770e-04,7.567981e-01,7.567981e-01
full_lite,A_pocket,case_ii_edge,2.0,0.25,3.348110e-03,-3.836806e-01,7.498017e-02,1.084494e-01,8.352266e-01,8.318785e-01,6.487124e-01,1.032393e+00
full_lite,A_pocket,case_ii_edge,2.0,0.5,-2.374015e-03,-1.090700e-02,4.371074e-01,4.442122e-01,1.119708e-01,1.143448e-01,2.463032e-01,2.572103e-01
full_lite,A_pocket,case_ii_edge,2.0,1.0,-1.383973e-04,4.598806e-01,1.890698e-02,1.811394e-02,1.955656e-03,2.094054e-03,1.789300e+00,1.329419e+00
full_lite,A_pocket,case_ii_edge,5.0,0.0,2.710505e-20,-6.300516e-15,1.399897e-14,3.091307e-14,6.949683e-05,6.949683e-05,1.780477e-01,1.780477e-01
full_lite,A_pocket,case_ii_edge,5.0,0.25,2.510743e-02,-1.039289e-01,7.845108e-01,7.332878e-01,4.014511e-01,3.763436e-01,6.682319e-02,1.707521e-01
full_lite,A_pocket,case_ii_edge,5.0,0.5,1.817682e-02,-2.359085e-01,3.142931e-01,3.216243e-01,7.614821e-01,7.433053e-01,9.158194e-01,1.151728e+00
full_lite,A_pocket,case_ii_edge,5.0,1.0,-3.846929e-04,-4.851778e-01,3.928046e-01,3.958270e-01,1.016722e-01,1.020569e-01,2.974492e-01,7.826270e-01
full_lite,A_pocket,case_ii_edge,10.0,0.0,-1.612751e-18,3.663736e-15,5.189551e-15,5.445825e-15,3.299178e-05,3.299178e-05,1.916292e-01,1.916292e-01
full_lite,A_pocket,case_ii_edge,10.0,0.25,-5.888759e-04,-3.770294e-02,4.609665e-01,4.641233e-01,1.339409e-01,1.345298e-01,3.833041e-02,7.603335e-02
full_lite,A_pocket,case_ii_edge,10.0,0.5,5.546974e-04,4.713783e-04,7.145818e-01,7.029516e-01,4.193074e-01,4.187527e-01,1.149593e-01,1.144879e-01
full_lite,A_pocket,case_ii_edge,10.0,1.0,3.985007e-03,-7.119689e-03,6.126460e-01,5.940782e-01,5.732569e-01,5.692719e-01,1.737061e-02,2.449030e-02
full_lite,A_pocket,case_ii_edge,20.0,0.0,-1.680513e-18,4.315992e-15,5.125482e-15,9.289937e-15,4.542335e-04,4.542335e-04,4.487536e-02,4.487536e-02
full_lite,A_pocket,case_ii_edge,20.0,0.25,-4.862681e-05,1.931387e-03,1.726183e-01,1.732027e-01,3.899531e-02,3.904394e-02,2.313023e-02,2.119884e-02
full_lite,A_pocket,case_ii_edge,20.0,0.5,2.063003e-03,-3.186800e-04,4.237322e-01,4.162034e-01,1.456278e-01,1.435648e-01,3.214435e-03,3.533115e-03
full_lite,A_pocket,case_ii_edge,20.0,1.0,-1.051660e-02,-3.742027e-03,5.342104e-01,5.438323e-01,3.779224e-01,3.884390e-01,1.082866e-02,1.457068e-02
